FullVideoPath,UniqueFileName,FrameRate,Category,DetectedObj,MaxConf,BboxXmin,BboxYmin,BboxWrel,BboxHrel
CT23_20211119/Rattus sp. 1/IMG_0002.AVI,CT23_20211119/IMG_0002.AVI,30,1,object_01,0.9825454545454544,0.3392,0.4833,0.026,0.05746
CT23_20211119/Rattus sp. 1/IMG_0002.AVI,CT23_20211119/IMG_0002.AVI,30,1,object_02,0.9837187499999999,0.3374,0.4644,0.044,0.07599
CT23_20211119/Rattus sp. 1/IMG_0002.AVI,CT23_20211119/IMG_0002.AVI,30,1,object_03,0.9554374999999997,0.3286,0.4705,0.05542,0.06516
CT23_20211119/Tupaia glis 1/IMG_0001.AVI,CT23_20211119/IMG_0001.AVI,30,1,object_01,0.97,0.03899,0.6165,0.1002,0.1115
CT7_20211119/False triggers/IMG_0031.AVI,CT7_20211119/IMG_0031.AVI,30,0,NA,NA,NA,NA,NA,NA
CT7_20211119/False triggers/IMG_0032.AVI,CT7_20211119/IMG_0032.AVI,30,0,NA,NA,NA,NA,NA,NA
CT7_20211119/Non-targeted/IMG_0001.AVI,CT7_20211119/IMG_0001.AVI,30,0,NA,NA,NA,NA,NA,NA
CT7_20211119/Non-targeted/IMG_0002.AVI,CT7_20211119/IMG_0002.AVI,30,2,object_01,0.9968749999999998,0.00977,0,0.4694,0.9503
