FullVideoPath,UniqueFileName,FrameRate,Category,DetectedObj,MaxConf,BboxXmin,BboxYmin,BboxWrel,BboxHrel
CT11_20211119\Caprimulgus macrurus 1\IMG_0034.AVI,NA,30,1,object_01,0.49269999999999997,0.0,0.0625,0.1658,0.8861
CT11_20211119\Caprimulgus macrurus 1\IMG_0034.AVI,NA,30,1,object_06,0.5565625000000001,0.7199,0.6277,0.1033,0.3236
CT11_20211119\Sus scrofa 1\IMG_0042.AVI,NA,30,1,object_01,0.695875,0.1743,0.4694,0.08873,0.2347
CT11_20211119\Sus scrofa 1\IMG_0042.AVI,NA,30,1,object_02,0.8909999999999998,0.09336,0.4722,0.152,0.3861
CT11_20211119\Sus scrofa 1\IMG_0042.AVI,NA,30,1,object_03,0.9733124999999999,0.0,0.4097,0.1651,0.5388
CT11_20211119\Unidentified\IMG_0045.AVI,NA,30,0,NA,NA,NA,NA,NA,NA
CT7_20211119\False triggers\IMG_0031.AVI,NA,30,0,NA,NA,NA,NA,NA,NA
CT7_20211119\False triggers\IMG_0032.AVI,NA,30,0,NA,NA,NA,NA,NA,NA
CT7_20211119\Non-targeted\IMG_0002.AVI,NA,30,2,object_01,0.9294374999999999,0,0,0.5547,0.9499
