video,frame_rate,category,detected_obj,max_conf,bbox_x_min,bbox_y_min,bbox_w_rel,bbox_h_rel
CI_OH_CT_01_20210810_7E\CI_OH_CT_01_20210810\IMG_0001.AVI,30,2,object_01,0.8635000000000002,0,0.01072,0.9765,0.94
CI_OH_CT_01_20210810_7E\CI_OH_CT_01_20210810\IMG_0001.AVI,30,2,object_07,0.9989999999999996,0,0.008223,0.719,0.9411
CI_OH_CT_01_20210810_7E\CI_OH_CT_01_20210810\IMG_0002.AVI,30,2,object_01,0.98134375,0,0.09283,0.2046,0.8571
CI_OH_CT_01_20210810_7E\CI_OH_CT_01_20210810\IMG_0003.AVI,30,0,,,,,,
CT04_20211116_7A\20211116_CT04\IMG_0001.MP4,30,2,object_01,0.9565833333333332,0.3585,0.005561,0.6161,0.9402
CT04_20211116_7A\20211116_CT04\IMG_0002.MP4,30,0,,,,,,
CT04_20211116_7A\20211116_CT04\IMG_0003.MP4,30,2,object_01,0.9885625000000001,0.5411,0.002064,0.457,0.9547
CT04_20211116_7A\20211116_CT04\IMG_0003.MP4,30,2,object_03,0.9951874999999999,0.8585,0,0.1414,0.9761
