FullVideoPath,UniqueFileName,FrameRate,Category,DetectedObj,MaxConf,BboxXmin,BboxYmin,BboxWrel,BboxHrel
CT11_20211119/Caprimulgus macrurus 1/IMG_0034.AVI,CT11_20211119/IMG_0034.AVI,30,2,object_01,0.895,0.0007994,0.1233,0.2126,0.8413
CT11_20211119/Sus scrofa 1/IMG_0042.AVI,CT11_20211119/IMG_0042.AVI,30,1,object_07,0.9989999999999996,0.01157,0.4529,0.1506,0.5009
CT11_20211119/Sus scrofa 1/IMG_0042.AVI,CT11_20211119/IMG_0042.AVI,30,1,object_08,0.9989999999999996,0.000191,0.4148,0.1674,0.5407
CT11_20211119/Unidentified/IMG_0045.AVI,CT11_20211119/IMG_0045.AVI,30,0,NA,NA,NA,NA,NA,NA
CT7_20211119/False triggers/IMG_0031.AVI,CT7_20211119/IMG_0031.AVI,30,0,NA,NA,NA,NA,NA,NA
CT7_20211119/False triggers/IMG_0032.AVI,CT7_20211119/IMG_0032.AVI,30,0,NA,NA,NA,NA,NA,NA
CT7_20211119/Non-targeted/IMG_0002.AVI,CT7_20211119/IMG_0002.AVI,30,2,object_01,0.9968749999999998,0.00977,0,0.4694,0.9503
